all_mse,all_mae,raw_ot_mse,raw_ot_mae,semi_target_mse,semi_target_mae,num_all_points,num_channel_points
0.4239618437508492,0.42141518314608123,0.05520411954890604,0.18107707732313055,0.7020710959682773,0.5588135934175666,2138880,267360
