all_mse,all_mae,raw_ot_mse,raw_ot_mae,semi_target_mse,semi_target_mae,num_all_points,num_channel_points
0.3192295474003062,0.3659724411316648,0.14585390629560058,0.2943640465011574,0.4730983438158663,0.49027436868221297,2138880,267360
