all_mse,all_mae,raw_ot_mse,raw_ot_mae,semi_target_mse,semi_target_mae,num_all_points,num_channel_points
0.42423058626253685,0.4242315689294656,0.05576442267672164,0.18300157703374548,0.7099163858138609,0.5696930667299628,2138880,267360
