all_mse,all_mae,raw_ot_mse,raw_ot_mae,semi_target_mse,semi_target_mae,num_all_points,num_channel_points
0.321459496199621,0.3701308656780396,0.16615755693738438,0.3158906955051251,0.4643739962991592,0.4869468296879712,2138880,267360
