intervention,input_mpd_mean,mpd_all_mean,mpd_target_mean,rmsd_all,rmsd_target
cause_last_shift_plus_delta,0.0024801588151603937,0.1722937375307083,0.06827256083488464,0.7845391035079956,0.09655869007110596
cause_shift_plus_delta,0.2380952388048172,0.24545760452747345,0.07193329185247421,1.0713521242141724,0.10500035434961319
cause_zero,0.040683623403310776,0.04802669212222099,0.07128934562206268,0.19484643638134003,0.10298788547515869
cause_flip,0.08136724680662155,0.08280591666698456,0.023709027096629143,0.3856872320175171,0.03031134232878685
cause_flip_x5,0.244101881980896,0.21377089619636536,0.07351939380168915,1.0607315301895142,0.10544636100530624
distractors_last_shift_plus_delta,0.0471230149269104,1.810566782951355,0.09627161175012589,2.114070415496826,0.12027928233146667
distractors_shift_plus_delta,4.523809432983398,4.472598075866699,0.009373543784022331,4.720167636871338,0.013199334032833576
target_zero,0.04069755598902702,0.04810529947280884,0.756255030632019,0.194758802652359,0.881491482257843
target_shift_plus_delta,0.2380952388048172,0.2453121840953827,4.902093410491943,1.0709762573242188,4.905911445617676
