intervention,ire_mae,ire_rmse,num_nonzero_true,num_windows,pred_change_abs_mean,response_corr,response_slope,sign_accuracy_on_nonzero_true,true_change_abs_mean
cause_last_shift_plus_delta,4.974960803985596,4.975196361541748,1905,1905,0.040671538561582565,nan,0.005084198899567127,0.705511811023622,5.000384330749512
cause_shift_plus_delta,5.006702423095703,5.006904125213623,1905,1905,0.03129034861922264,nan,-0.0012636154424399137,0.48556430446194226,5.000384330749512
cause_zero,0.874428391456604,1.0171525478363037,1905,1905,0.03154706582427025,-0.4181113977539937,-0.018947623670101166,0.30971128608923887,0.8542916774749756
cause_flip,1.7154392004013062,2.0012612342834473,1905,1905,0.014820675365626812,-0.35749747022111417,-0.003202431369572878,0.2992125984251969,1.7085833549499512
cause_flip_x5,5.146660804748535,6.003939151763916,1905,1905,0.032414212822914124,-0.42509913139862054,-0.0032387450337409973,0.29763779527559053,5.1257500648498535
distractors_last_shift_plus_delta,0.05408136919140816,0.0604822114109993,0,1905,0.05408136919140816,nan,nan,nan,0.0
distractors_shift_plus_delta,0.004777287598699331,0.0066596101969480515,0,1905,0.004777287598699331,nan,nan,nan,0.0
target_zero,0.7754330635070801,0.9061903357505798,0,1905,0.7754330635070801,nan,nan,nan,0.0
target_shift_plus_delta,5.006236553192139,5.0066375732421875,0,1905,5.006236553192139,nan,nan,nan,0.0
