intervention,ire_mae,ire_rmse,num_nonzero_true,num_windows,pred_change_abs_mean,response_corr,response_slope,sign_accuracy_on_nonzero_true,true_change_abs_mean
cause_last_shift_plus_delta,4.9984354972839355,4.998591423034668,1905,1905,0.029322687536478043,nan,0.00038971955655142665,0.5391076115485565,5.000384330749512
cause_shift_plus_delta,5.006826400756836,5.006973743438721,1905,1905,0.028158966451883316,nan,-0.001288261148147285,0.4860892388451444,5.000384330749512
cause_zero,0.874484658241272,1.0192441940307617,1905,1905,0.028595980256795883,-0.5406805837991993,-0.021332886070013046,0.2608923884514436,0.8542916774749756
cause_flip,1.7158372402191162,2.0018973350524902,1905,1905,0.013756505213677883,-0.4139828797227667,-0.0035253341775387526,0.342257217847769,1.7085833549499512
cause_flip_x5,5.145396709442139,6.005528450012207,1905,1905,0.028151094913482666,-0.5431187223702284,-0.0035134037025272846,0.2671916010498688,5.1257500648498535
distractors_last_shift_plus_delta,0.06203683838248253,0.07857868820428848,0,1905,0.06203683838248253,nan,nan,nan,0.0
distractors_shift_plus_delta,0.02996465377509594,0.037121642380952835,0,1905,0.02996465377509594,nan,nan,nan,0.0
target_zero,0.7970782518386841,0.931104838848114,0,1905,0.7970782518386841,nan,nan,nan,0.0
target_shift_plus_delta,4.93532133102417,4.940248966217041,0,1905,4.93532133102417,nan,nan,nan,0.0
