intervention,input_mpd_mean,mpd_all_mean,mpd_target_mean,rmsd_all,rmsd_target
cause_last_shift_plus_delta,0.0024801588151603937,0.175375834107399,0.061708688735961914,0.7820290923118591,0.08291517198085785
cause_shift_plus_delta,0.2380952388048172,0.23008885979652405,0.06385912001132965,1.0116279125213623,0.09087924659252167
cause_zero,0.040683623403310776,0.05288001894950867,0.0652654692530632,0.20060265064239502,0.09167814254760742
cause_flip,0.08136724680662155,0.08967991918325424,0.0347919836640358,0.39456284046173096,0.04344826564192772
cause_flip_x5,0.244101881980896,0.2238093912601471,0.06697208434343338,1.103973388671875,0.09305503219366074
distractors_last_shift_plus_delta,0.0471230149269104,1.6800867319107056,0.11275345087051392,2.0004513263702393,0.14089933037757874
distractors_shift_plus_delta,4.523809432983398,4.53692102432251,0.02954111620783806,4.833019733428955,0.0374746210873127
target_zero,0.04069755598902702,0.05306963622570038,0.7737789750099182,0.2007417529821396,0.9036038517951965
target_shift_plus_delta,0.2380952388048172,0.22991156578063965,4.471060276031494,1.0112217664718628,4.630523204803467
