all_mse,all_mae,raw_ot_mse,raw_ot_mae,semi_target_mse,semi_target_mae,num_all_points,num_channel_points
0.3315521035559658,0.3737042469010961,0.15935527977652353,0.3064940961301862,0.4781999457817032,0.494621115220228,2138880,267360
