all_mse,all_mae,raw_ot_mse,raw_ot_mae,semi_target_mse,semi_target_mae,num_all_points,num_channel_points
0.4906106459040823,0.45996055188373486,0.07276630219295149,0.20812478428423678,0.8375087920449341,0.6224216923655166,4130304,516288
