all_mse,all_mae,raw_ot_mse,raw_ot_mae,semi_target_mse,semi_target_mae,num_all_points,num_channel_points
0.43139783114747754,0.42603211816665587,0.05623010696407423,0.18242126779596224,0.7173809474132362,0.5689106627326751,2138880,267360
