intervention,ire_mae,ire_rmse,num_nonzero_true,num_windows,pred_change_abs_mean,response_corr,response_slope,sign_accuracy_on_nonzero_true,true_change_abs_mean
cause_last_shift_plus_delta,5.099900722503662,5.101221084594727,1905,1905,0.11955057084560394,nan,-0.019901743158698082,0.19370078740157481,5.000384330749512
cause_shift_plus_delta,5.01146125793457,5.01230001449585,1905,1905,0.0611954890191555,nan,-0.0022152792662382126,0.4351706036745407,5.000384330749512
cause_zero,0.8768062591552734,1.0177885293960571,1905,1905,0.059478577226400375,-0.17719122006405771,-0.01632554642856121,0.44934383202099737,0.8542916774749756
cause_flip,1.7072091102600098,1.992200255393982,1905,1905,0.02186162769794464,0.10603505529998081,0.0014038655208423734,0.5191601049868766,1.7085833549499512
cause_flip_x5,5.1480207443237305,6.0030412673950195,1905,1905,0.05969724431633949,-0.20062429766682285,-0.003003742080181837,0.4477690288713911,5.1257500648498535
distractors_last_shift_plus_delta,0.030611034482717514,0.03425261005759239,0,1905,0.030611034482717514,nan,nan,nan,0.0
distractors_shift_plus_delta,0.0006934189004823565,0.004329213406890631,0,1905,0.0006934189004823565,nan,nan,nan,0.0
target_zero,0.7698375582695007,0.8981937170028687,0,1905,0.7698375582695007,nan,nan,nan,0.0
target_shift_plus_delta,5.015185832977295,5.017021656036377,0,1905,5.015185832977295,nan,nan,nan,0.0
