intervention,input_mpd_mean,mpd_all_mean,mpd_target_mean,rmsd_all,rmsd_target
cause_last_shift_plus_delta,0.0024801588151603937,0.10671322792768478,0.17584578692913055,0.41354215145111084,0.2434796392917633
cause_shift_plus_delta,0.2380952388048172,0.2716369330883026,0.1644251048564911,1.09919273853302,0.24322906136512756
cause_zero,0.040683623403310776,0.06956370919942856,0.16287901997566223,0.21467716991901398,0.2406322956085205
cause_flip,0.08136724680662155,0.10213270038366318,0.07575637102127075,0.3943244218826294,0.09671373665332794
cause_flip_x5,0.244101881980896,0.26371267437934875,0.16257359087467194,1.2204923629760742,0.24095532298088074
distractors_last_shift_plus_delta,0.0471230149269104,0.8200002908706665,0.026948899030685425,1.139411211013794,0.044017743319272995
distractors_shift_plus_delta,4.523809432983398,4.5214691162109375,0.002206274541094899,4.7547221183776855,0.01740941032767296
target_zero,0.04069755598902702,0.06935484707355499,0.7674121856689453,0.21472570300102234,0.8876021504402161
target_shift_plus_delta,0.2380952388048172,0.27156853675842285,5.010252475738525,1.1002213954925537,5.023603916168213
