all_mse,all_mae,raw_ot_mse,raw_ot_mae,semi_target_mse,semi_target_mae,num_all_points,num_channel_points
0.3228994017300814,0.36807935011023035,0.14805378468003835,0.29662759004418254,0.4825798922263527,0.4934388299676061,2138880,267360
