intervention,ire_mae,ire_rmse,num_nonzero_true,num_windows,pred_change_abs_mean,response_corr,response_slope,sign_accuracy_on_nonzero_true,true_change_abs_mean
cause_last_shift_plus_delta,4.998287677764893,4.9986891746521,1905,1905,0.052557677030563354,nan,0.00041934498585760593,0.5191601049868766,5.000384330749512
cause_shift_plus_delta,5.010253429412842,5.010748386383057,1905,1905,0.05945821851491928,nan,-0.001973687903955579,0.4566929133858268,5.000384330749512
cause_zero,0.8994874954223633,1.043558120727539,1905,1905,0.06186286360025406,-0.6134154441075107,-0.04462467506527901,0.2173228346456693,0.8542916774749756
cause_flip,1.7510802745819092,2.0395116806030273,1905,1905,0.05088379606604576,-0.7529935978668383,-0.02221168391406536,0.17480314960629922,1.7085833549499512
cause_flip_x5,5.173990726470947,6.032334327697754,1905,1905,0.06533046066761017,-0.61693279344462,-0.007954144850373268,0.2162729658792651,5.1257500648498535
distractors_last_shift_plus_delta,0.11230190098285675,0.11684264242649078,0,1905,0.11230190098285675,nan,nan,nan,0.0
distractors_shift_plus_delta,0.012606200762093067,0.017338426783680916,0,1905,0.012606200762093067,nan,nan,nan,0.0
target_zero,0.7881251573562622,0.9174039959907532,0,1905,0.7881251573562622,nan,nan,nan,0.0
target_shift_plus_delta,5.008033752441406,5.008508682250977,0,1905,5.008033752441406,nan,nan,nan,0.0
