all_mse,all_mae,raw_ot_mse,raw_ot_mae,semi_target_mse,semi_target_mae,num_all_points,num_channel_points
0.3229121396885455,0.36740235063146504,0.14848590918745844,0.29684428410356023,0.4805946286141266,0.49177975450569394,2138880,267360
