all_mse,all_mae,raw_ot_mse,raw_ot_mae,semi_target_mse,semi_target_mae,num_all_points,num_channel_points
0.42823539995847526,0.42502186733544906,0.05585198371193496,0.18233653426099009,0.7166806568577216,0.5693026148295559,2138880,267360
