all_mse,all_mae,raw_ot_mse,raw_ot_mae,semi_target_mse,semi_target_mae,num_all_points,num_channel_points
0.42399583436428323,0.42071796670636324,0.05552166933466902,0.18161785957129825,0.7039936733417066,0.5588387693922224,2138880,267360
