all_mse,all_mae,raw_ot_mse,raw_ot_mae,semi_target_mse,semi_target_mae,num_all_points,num_channel_points
0.42765262203969906,0.4256533685520978,0.05607761475656077,0.18311116602661937,0.7165532944232386,0.5709635143291444,2138880,267360
