all_mse,all_mae,raw_ot_mse,raw_ot_mae,semi_target_mse,semi_target_mae,num_all_points,num_channel_points
0.3205818118698079,0.3686709781951493,0.15665091170942191,0.30624506988616707,0.47028911846045035,0.4887937600422876,2138880,267360
